﻿{
    "service-f-0005": {
        "Version": "1.10.1822.1",
        "Scene": {
            "Name": true,
            "SupportShaderSelect": true
        },
        "Export Directory": "C:/RLConverterServices/RLConverter/TempData/Convert/3e3ebaeeb4b256/JIC9b10c85179b840a94",
        "Object": {
            "service-f-0005": {
                "Generation": "ActorBuild",
                "Physics": {
                    "Collision Shapes": {
                        "CC_Base_Hip": {
                            "Capsule": {
                                "Bone Active": true,
                                "Bound Type": "Capsule",
                                "Bound Axis": "Y",
                                "Margin": 2.0,
                                "Friction": 0.05000000074505806,
                                "Elasticity": 0.5,
                                "WorldTranslate": [
                                    -5.457448959350586,
                                    -0.30908820033073428,
                                    93.59810638427735
                                ],
                                "WorldRotationQ": [
                                    0.8121447563171387,
                                    0.07486091554164887,
                                    -0.10691263526678086,
                                    0.5686708092689514
                                ],
                                "WorldScale": [
                                    1.0,
                                    1.0000001192092896,
                                    1.0000001192092896
                                ],
                                "Radius": 8.692730903625489,
                                "Capsule Length": 24.919790267944337
                            },
                            "Capsule(0)": {
                                "Bone Active": true,
                                "Bound Type": "Capsule",
                                "Bound Axis": "Y",
                                "Margin": 2.0,
                                "Friction": 0.05000000074505806,
                                "Elasticity": 0.5,
                                "WorldTranslate": [
                                    5.45721960067749,
                                    -0.30908820033073428,
                                    93.59832763671875
                                ],
                                "WorldRotationQ": [
                                    0.8121424913406372,
                                    -0.07487242668867111,
                                    0.10692910104990006,
                                    0.568669319152832
                                ],
                                "WorldScale": [
                                    1.0,
                                    1.0000001192092896,
                                    1.0000001192092896
                                ],
                                "Radius": 8.692730903625489,
                                "Capsule Length": 24.919790267944337
                            }
                        },
                        "CC_Base_L_Thigh": {
                            "Capsule": {
                                "Bone Active": true,
                                "Bound Type": "Capsule",
                                "Bound Axis": "Y",
                                "Margin": 0.800000011920929,
                                "Friction": 0.05000000074505806,
                                "Elasticity": 0.5,
                                "WorldTranslate": [
                                    8.469910621643067,
                                    -0.199371799826622,
                                    63.10966873168945
                                ],
                                "WorldRotationQ": [
                                    -0.03193148598074913,
                                    0.7375127673149109,
                                    -0.6736276149749756,
                                    -0.03579284995794296
                                ],
                                "WorldScale": [
                                    1.000000238418579,
                                    1.0,
                                    0.9999998211860657
                                ],
                                "Radius": 7.471282482147217,
                                "Capsule Length": 42.282371520996097
                            }
                        },
                        "CC_Base_L_Calf": {
                            "Capsule": {
                                "Bone Active": true,
                                "Bound Type": "Capsule",
                                "Bound Axis": "Y",
                                "Margin": 0.800000011920929,
                                "Friction": 0.05000000074505806,
                                "Elasticity": 0.5,
                                "WorldTranslate": [
                                    7.661847114562988,
                                    2.642979860305786,
                                    23.54880714416504
                                ],
                                "WorldRotationQ": [
                                    -0.005356213077902794,
                                    0.7151387929916382,
                                    -0.698941707611084,
                                    -0.0053281523287296299
                                ],
                                "WorldScale": [
                                    0.9999997019767761,
                                    0.9999998211860657,
                                    0.9999998211860657
                                ],
                                "Radius": 6.164680480957031,
                                "Capsule Length": 35.077938079833987
                            }
                        },
                        "CC_Base_R_Thigh": {
                            "Capsule": {
                                "Bone Active": true,
                                "Bound Type": "Capsule",
                                "Bound Axis": "Y",
                                "Margin": 0.800000011920929,
                                "Friction": 0.05000000074505806,
                                "Elasticity": 0.5,
                                "WorldTranslate": [
                                    -8.471915245056153,
                                    -0.2138659805059433,
                                    63.10951232910156
                                ],
                                "WorldRotationQ": [
                                    0.031927552074193957,
                                    0.7373375296592712,
                                    -0.6738192439079285,
                                    0.03580007329583168
                                ],
                                "WorldScale": [
                                    1.0000001192092896,
                                    1.0,
                                    0.9999999403953552
                                ],
                                "Radius": 7.438782691955566,
                                "Capsule Length": 42.34204864501953
                            }
                        },
                        "CC_Base_R_Calf": {
                            "Capsule": {
                                "Bone Active": true,
                                "Bound Type": "Capsule",
                                "Bound Axis": "Y",
                                "Margin": 0.800000011920929,
                                "Friction": 0.05000000074505806,
                                "Elasticity": 0.5,
                                "WorldTranslate": [
                                    -7.658812999725342,
                                    2.6128299236297609,
                                    23.550201416015626
                                ],
                                "WorldRotationQ": [
                                    0.005351540632545948,
                                    0.7152647376060486,
                                    -0.6988128423690796,
                                    0.005320046562701464
                                ],
                                "WorldScale": [
                                    0.9999997019767761,
                                    0.9999997615814209,
                                    0.9999999403953552
                                ],
                                "Radius": 6.154088020324707,
                                "Capsule Length": 35.09912109375
                            }
                        },
                        "CC_Base_Spine01": {
                            "Capsule(1)": {
                                "Bone Active": true,
                                "Bound Type": "Capsule",
                                "Bound Axis": "Z",
                                "Margin": 2.0,
                                "Friction": 0.05000000074505806,
                                "Elasticity": 0.5,
                                "WorldTranslate": [
                                    0.004252144135534763,
                                    -1.0196233987808228,
                                    114.7420654296875
                                ],
                                "WorldRotationQ": [
                                    0.4481637179851532,
                                    0.5470545887947083,
                                    0.44804874062538149,
                                    0.5469304323196411
                                ],
                                "WorldScale": [
                                    0.9999998807907105,
                                    0.9999999403953552,
                                    1.0
                                ],
                                "Radius": 12.7628173828125,
                                "Capsule Length": 6.1754150390625
                            }
                        },
                        "CC_Base_NeckTwist01": {
                            "Capsule": {
                                "Bone Active": true,
                                "Bound Type": "Capsule",
                                "Bound Axis": "Y",
                                "Margin": 0.800000011920929,
                                "Friction": 0.05000000074505806,
                                "Elasticity": 0.5,
                                "WorldTranslate": [
                                    0.00043096483568660915,
                                    3.2665226459503176,
                                    137.32138061523438
                                ],
                                "WorldRotationQ": [
                                    0.8173335194587708,
                                    0.0014626497868448496,
                                    -0.0011274017160758377,
                                    0.5761619210243225
                                ],
                                "WorldScale": [
                                    0.9999999403953552,
                                    1.0,
                                    0.9999999403953552
                                ],
                                "Radius": 5.2611188888549809,
                                "Capsule Length": 5.3052263259887699
                            },
                            "Capsule(0)": {
                                "Bone Active": true,
                                "Bound Type": "Capsule",
                                "Bound Axis": "Z",
                                "Margin": 0.800000011920929,
                                "Friction": 0.05000000074505806,
                                "Elasticity": 0.5,
                                "WorldTranslate": [
                                    -0.04325183853507042,
                                    4.493008136749268,
                                    124.65186309814453
                                ],
                                "WorldRotationQ": [
                                    0.5787392258644104,
                                    0.40844228863716128,
                                    0.5771448612213135,
                                    0.4063737988471985
                                ],
                                "WorldScale": [
                                    0.9999998807907105,
                                    1.0,
                                    0.9999998807907105
                                ],
                                "Radius": 10.775394439697266,
                                "Capsule Length": 7.844635009765625
                            },
                            "Capsule(1)": {
                                "Bone Active": true,
                                "Bound Type": "Capsule",
                                "Bound Axis": "Y",
                                "Margin": 0.800000011920929,
                                "Friction": 0.05000000074505806,
                                "Elasticity": 0.5,
                                "WorldTranslate": [
                                    -7.054800033569336,
                                    -0.08626484125852585,
                                    120.35884094238281
                                ],
                                "WorldRotationQ": [
                                    0.29775044322013857,
                                    0.6427354216575623,
                                    0.29740074276924136,
                                    0.64014732837677
                                ],
                                "WorldScale": [
                                    0.9999998807907105,
                                    0.9999998807907105,
                                    0.9999998807907105
                                ],
                                "Radius": 7.259902000427246,
                                "Capsule Length": 13.24941635131836
                            },
                            "Capsule(2)": {
                                "Bone Active": true,
                                "Bound Type": "Capsule",
                                "Bound Axis": "Y",
                                "Margin": 0.800000011920929,
                                "Friction": 0.05000000074505806,
                                "Elasticity": 0.5,
                                "WorldTranslate": [
                                    6.945090293884277,
                                    -0.0705554410815239,
                                    120.30938720703125
                                ],
                                "WorldRotationQ": [
                                    0.29775044322013857,
                                    0.6427354216575623,
                                    0.29740074276924136,
                                    0.64014732837677
                                ],
                                "WorldScale": [
                                    0.9999998807907105,
                                    0.9999998807907105,
                                    0.9999998807907105
                                ],
                                "Radius": 7.259902000427246,
                                "Capsule Length": 13.24941635131836
                            }
                        },
                        "CC_Base_Head": {
                            "Capsule": {
                                "Bone Active": true,
                                "Bound Type": "Capsule",
                                "Bound Axis": "Y",
                                "Margin": 0.800000011920929,
                                "Friction": 0.05000000074505806,
                                "Elasticity": 0.5,
                                "WorldTranslate": [
                                    0.01057364884763956,
                                    -1.5666942596435547,
                                    149.71157836914063
                                ],
                                "WorldRotationQ": [
                                    0.7073084115982056,
                                    0.000025023877242347227,
                                    0.00003808707697317004,
                                    0.7069051265716553
                                ],
                                "WorldScale": [
                                    1.0,
                                    0.9999997019767761,
                                    0.9999997615814209
                                ],
                                "Radius": 7.260695457458496,
                                "Capsule Length": 7.808666229248047
                            }
                        },
                        "CC_Base_L_Upperarm": {
                            "Capsule": {
                                "Bone Active": true,
                                "Bound Type": "Capsule",
                                "Bound Axis": "Y",
                                "Margin": 0.800000011920929,
                                "Friction": 0.05000000074505806,
                                "Elasticity": 0.5,
                                "WorldTranslate": [
                                    27.094499588012697,
                                    6.3511247634887699,
                                    128.21543884277345
                                ],
                                "WorldRotationQ": [
                                    0.4984877109527588,
                                    0.5036280751228333,
                                    -0.4963582754135132,
                                    0.5014950633049011
                                ],
                                "WorldScale": [
                                    0.9999995827674866,
                                    0.9999998211860657,
                                    0.9999998807907105
                                ],
                                "Radius": 5.04542875289917,
                                "Capsule Length": 22.94369125366211
                            }
                        },
                        "CC_Base_L_Forearm": {
                            "Capsule": {
                                "Bone Active": true,
                                "Bound Type": "Capsule",
                                "Bound Axis": "Y",
                                "Margin": 0.800000011920929,
                                "Friction": 0.05000000074505806,
                                "Elasticity": 0.5,
                                "WorldTranslate": [
                                    54.32899856567383,
                                    6.0327606201171879,
                                    129.43798828125
                                ],
                                "WorldRotationQ": [
                                    0.4980318546295166,
                                    0.5040369033813477,
                                    -0.4978303909301758,
                                    0.5000759959220886
                                ],
                                "WorldScale": [
                                    0.9999997019767761,
                                    0.9999998211860657,
                                    0.9999998807907105
                                ],
                                "Radius": 4.3683390617370609,
                                "Capsule Length": 21.781402587890626
                            }
                        },
                        "CC_Base_L_Hand": {
                            "Capsule": {
                                "Bone Active": false,
                                "Bound Type": "Box",
                                "Bound Axis": "Y",
                                "Margin": 0.800000011920929,
                                "Friction": 0.05000000074505806,
                                "Elasticity": 0.5,
                                "WorldTranslate": [
                                    70.27552795410156,
                                    4.849303245544434,
                                    129.10891723632813
                                ],
                                "WorldRotationQ": [
                                    -0.49552977085113528,
                                    -0.5035894513130188,
                                    0.5142884254455566,
                                    -0.4861638844013214
                                ],
                                "WorldScale": [
                                    0.9999997019767761,
                                    0.9999998211860657,
                                    0.9999998211860657
                                ],
                                "Extent": [
                                    4.522911071777344,
                                    9.572021484375,
                                    8.070647239685059
                                ]
                            }
                        },
                        "CC_Base_R_Upperarm": {
                            "Capsule": {
                                "Bone Active": true,
                                "Bound Type": "Capsule",
                                "Bound Axis": "Y",
                                "Margin": 0.800000011920929,
                                "Friction": 0.05000000074505806,
                                "Elasticity": 0.5,
                                "WorldTranslate": [
                                    -27.096446990966798,
                                    6.353237152099609,
                                    128.21478271484376
                                ],
                                "WorldRotationQ": [
                                    0.4985429644584656,
                                    -0.5036260485649109,
                                    0.49637266993522646,
                                    0.5014278292655945
                                ],
                                "WorldScale": [
                                    0.9999996423721314,
                                    0.9999999403953552,
                                    1.0000001192092896
                                ],
                                "Radius": 5.0451884269714359,
                                "Capsule Length": 22.957778930664064
                            }
                        },
                        "CC_Base_R_Forearm": {
                            "Capsule": {
                                "Bone Active": true,
                                "Bound Type": "Capsule",
                                "Bound Axis": "Y",
                                "Margin": 0.800000011920929,
                                "Friction": 0.05000000074505806,
                                "Elasticity": 0.5,
                                "WorldTranslate": [
                                    -54.31828689575195,
                                    6.037461757659912,
                                    129.4374542236328
                                ],
                                "WorldRotationQ": [
                                    0.4979298412799835,
                                    -0.5041902661323547,
                                    0.4976770281791687,
                                    0.5001755952835083
                                ],
                                "WorldScale": [
                                    0.9999995827674866,
                                    0.9999997019767761,
                                    1.0
                                ],
                                "Radius": 4.368197441101074,
                                "Capsule Length": 21.766508102416993
                            }
                        },
                        "CC_Base_R_Hand": {
                            "Capsule": {
                                "Bone Active": false,
                                "Bound Type": "Box",
                                "Bound Axis": "Y",
                                "Margin": 0.800000011920929,
                                "Friction": 0.05000000074505806,
                                "Elasticity": 0.5,
                                "WorldTranslate": [
                                    -70.29084777832031,
                                    5.127588748931885,
                                    129.08441162109376
                                ],
                                "WorldRotationQ": [
                                    0.4955023527145386,
                                    -0.5036753416061401,
                                    0.5142255425453186,
                                    0.4861695170402527
                                ],
                                "WorldScale": [
                                    0.9999998807907105,
                                    0.9999998807907105,
                                    1.0
                                ],
                                "Extent": [
                                    5.314800262451172,
                                    9.57332706451416,
                                    8.195563316345215
                                ]
                            }
                        }
                    }
                },
                "Meshes": {
                    "Character": {
                        "Materials": {
                            "Character_Pbr": {
                                "Material Type": "Pbr",
                                "MultiUV Index": 0,
                                "Two Side": true,
                                "Diffuse Color": [
                                    255.0,
                                    255.0,
                                    255.0
                                ],
                                "Ambient Color": [
                                    255.0,
                                    255.0,
                                    255.0
                                ],
                                "Specular Color": [
                                    51.0,
                                    51.0,
                                    51.0
                                ],
                                "Opacity": 1.0,
                                "Self Illumination": 0.0,
                                "Textures": {
                                    "Metallic": {
                                        "Texture Path": "",
                                        "Strength": 100.0,
                                        "Offset": [
                                            0.0,
                                            0.0
                                        ],
                                        "Tiling": [
                                            1.0,
                                            1.0
                                        ]
                                    },
                                    "Base Color": {
                                        "Texture Path": "Character_Pbr_Diffuse.png",
                                        "Strength": 100.0,
                                        "Offset": [
                                            0.0,
                                            0.0
                                        ],
                                        "Tiling": [
                                            1.0,
                                            1.0
                                        ]
                                    },
                                    "Roughness": {
                                        "Texture Path": "",
                                        "Strength": 100.0,
                                        "Offset": [
                                            0.0,
                                            0.0
                                        ],
                                        "Tiling": [
                                            1.0,
                                            1.0
                                        ]
                                    },
                                    "Glow": {
                                        "Texture Path": "./textures/service-f-0005/service-f-0005/Character/Character_Pbr/Character_Pbr_Glow.jpg",
                                        "Strength": 100.0,
                                        "Offset": [
                                            0.0,
                                            0.0
                                        ],
                                        "Tiling": [
                                            1.0,
                                            1.0
                                        ]
                                    },
                                    "Opacity": {
                                        "Texture Path": "Character_Pbr_Diffuse.png",
                                        "Strength": 100.0,
                                        "Offset": [
                                            0.0,
                                            0.0
                                        ],
                                        "Tiling": [
                                            1.0,
                                            1.0
                                        ]
                                    },
                                    "Normal": {
                                        "Texture Path": "Character_Pbr_Normal.jpg",
                                        "Strength": 100.0,
                                        "Offset": [
                                            0.0,
                                            0.0
                                        ],
                                        "Tiling": [
                                            1.0,
                                            1.0
                                        ]
                                    },
                                    "AO": {
                                        "Texture Path": "./textures/service-f-0005/service-f-0005/Character/Character_Pbr/Character_Pbr_ao.jpg",
                                        "Strength": 100.0,
                                        "Offset": [
                                            0.0,
                                            0.0
                                        ],
                                        "Tiling": [
                                            1.0,
                                            1.0
                                        ]
                                    },
                                    "MetallicAlpha": {
                                        "Texture Path": "./textures/service-f-0005/service-f-0005/Character/Character_Pbr/Character_Pbr_MetallicAlpha.png"
                                    },
                                    "HDRP": {
                                        "Texture Path": "./textures/service-f-0005/service-f-0005/Character/Character_Pbr/Character_Pbr_HDRP.png"
                                    }
                                },
                                "Resource Textures": {
                                    "ColorID": {
                                        "Texture Path": "./textures/service-f-0005/service-f-0005/Character/Character_Pbr/Character_Pbr_ResourceMap_ColorID.png"
                                    },
                                    "RGBMask": {
                                        "Texture Path": "./textures/service-f-0005/service-f-0005/Character/Character_Pbr/Character_Pbr_ResourceMap_RGBMask.png"
                                    }
                                }
                            }
                        }
                    }
                }
            }
        }
    }
}